zylah.juno@outree.org,1599474897659340
vashon.jiair@outree.org,1599475227415295
perftest038@perftest12345.com,1599475675678691
kolbie.sanjit@outree.org,1599488317609321
perftest040@perftest12345.com,1599491334195514
perftest040@perftest12345.com,1599491334195514
perftest041@perftest12345.com,1599559001733492
perftest043@perftest12345.com,1599560649726179
perftest044@perftest12345.com,1599565305060078
perftest049@perftest12345.com,1599746447699524
perftest050@perftest12345.com,1599747271961345
perftest051@perftest12345.com,1599747455930587
perftest052@perftest12345.com,1599747795240499
perftest052@perftest12345.com,1599747870918233
perftest053@perftest12345.com,1599749059868098
perftest054@perftest12345.com,1599750012880097
perftest055@perftest12345.com,1599750371635215
perftest056@perftest12345.com,1599750554093877
perftest057@perftest12345.com,1599751767083499
perftest058@perftest12345.com,1599751986013046
perftest059@perftest12345.com,1599752159828640
perftest060@perftest12345.com,1599752756046315
perftest061@perftest12345.com,1599754773165326
perftest062@perftest12345.com,1599755678007570
